{
  "display": {
    "icon": {
      "item": "utility:overworldessence"
    },
    "title": {
      "translate": "advancements.overworldessenceprogress.title"
    },
    "description": {
      "translate": "advancements.overworldessenceprogress.descr"
    },
    "frame": "goal",
    "show_toast": true,
    "announce_to_chat": true,
    "hidden": false
  },
  "criteria": {
    "overworldessenceprogress_0": {
      "trigger": "minecraft:inventory_changed",
      "conditions": {
        "items": [
          {
            "items": [
              "utility:overworldessence"
            ],
            "count": {
              "min": 1,
              "max": 1
            }
          }
        ]
      }
    }
  },
  "parent": "utility:poweressece"
}