  {
    "type": "minecraft:overworld",
    "generator": {
      "type": "minecraft:flat",
      "settings": {
        "layers": [
        {
            "block": "minecraft:air",
            "height": 60
          },
          {
            "block": "minecraft:bedrock",
            "height": 1
          },
          {
            "block": "minecraft:dirt",
            "height": 2
          },
          {
            "block": "minecraft:grass_block",
            "height": 1
          }
        ],
        "biome": "utility:flat_biom",
      "structure_overrides": false
    }
  }
}
