{
  "type": "minecraft:crafting_shaped",
  "category": "misc",
  "pattern": [
    "aba",
    "cdc",
    "efe"
  ],
  "key": {
    "a": {
      "item": "minecraft:lapis_block"
    },
    "b": {
      "item": "utility:flatessence"
    },
    "c": {
      "item": "minecraft:dirt"
    },
    "d": {
      "item": "utility:emptykey"
    },
    "e": {
      "item": "minecraft:emerald_block"
    },
    "f": {
      "item": "minecraft:amethyst_cluster"
    }
  },
  "result": {
    "item": "utility:flatkey",
    "count": 1
  }
}