{
  "_fv": 77,
  "_type": "recipe",
  "definition": {
    "recipeType": "Crafting",
    "recipeRetstackSize": 1,
    "group": "",
    "cookingBookCategory": "MISC",
    "xpReward": 0.0,
    "cookingTime": 200,
    "craftingBookCategory": "MISC",
    "recipeShapeless": false,
    "recipeSlots": [
      {
        "value": "Blocks.CRYING_OBSIDIAN"
      },
      {
        "value": "CUSTOM:LimboKeyPart1"
      },
      {
        "value": "Blocks.CRYING_OBSIDIAN"
      },
      {
        "value": "Blocks.SLIME_BLOCK"
      },
      {
        "value": "CUSTOM:LimboKeyPart1"
      },
      {
        "value": "Blocks.SLIME_BLOCK"
      },
      {
        "value": "Blocks.CRYING_OBSIDIAN"
      },
      {
        "value": "CUSTOM:LimboKeyPart1"
      },
      {
        "value": "Blocks.CRYING_OBSIDIAN"
      }
    ],
    "recipeReturnStack": {
      "value": "CUSTOM:Limbokey"
    },
    "name": "limbo_keyrecipes",
    "namespace": "mod"
  }
}