{
  "_fv": 77,
  "_type": "item",
  "definition": {
    "renderType": 0,
    "texture": "chatgpt_image_25_mag_2025_14_05_39_1",
    "customModelName": "Normal",
    "customProperties": {},
    "states": [],
    "name": "Limbo key",
    "rarity": "RARE",
    "creativeTabs": [
      {
        "value": "CUSTOM:Utility"
      }
    ],
    "stackSize": 1,
    "enchantability": 0,
    "useDuration": 0,
    "toolType": 1.0,
    "damageCount": 0,
    "recipeRemainder": {
      "value": ""
    },
    "destroyAnyBlock": false,
    "immuneToFire": false,
    "stayInGridWhenCrafting": false,
    "damageOnCrafting": false,
    "enableMeleeDamage": false,
    "damageVsEntity": 0.0,
    "specialInformation": {
      "fixedValue": [
        "When you grip it, you feel the weight of a thousand whispers that do not belong to this world. Use it only if you have the courage to face the eternal void… for those who enter the Limbo rarely find their way back."
      ]
    },
    "glowCondition": {
      "fixedValue": false
    },
    "inventorySize": 9,
    "inventoryStackSize": 64,
    "onRightClickedInAir": {
      "name": "LimboKeyRightclickedOnBlock"
    },
    "enableRanged": false,
    "shootConstantly": false,
    "rangedItemChargesPower": false,
    "projectile": {
      "value": "Arrow"
    },
    "projectileDisableAmmoCheck": false,
    "isFood": false,
    "nutritionalValue": 4,
    "saturation": 0.3,
    "eatResultItem": {
      "value": ""
    },
    "isMeat": false,
    "isAlwaysEdible": false,
    "animation": "none",
    "isMusicDisc": false,
    "musicDiscMusic": {
      "value": ""
    },
    "musicDiscDescription": "",
    "musicDiscLengthInTicks": 100,
    "musicDiscAnalogOutput": 0
  }
}