{
  "_fv": 77,
  "_type": "dimension",
  "definition": {
    "biomesInDimension": [
      {
        "value": "CUSTOM:Limbobiom"
      }
    ],
    "worldGenType": "Normal world gen",
    "mainFillerBlock": {
      "value": "Blocks.DIRT#0"
    },
    "fluidBlock": {
      "value": "Blocks.FLOWING_WATER"
    },
    "seaLevel": -100,
    "generateOreVeins": false,
    "generateAquifers": false,
    "horizontalNoiseSize": 1,
    "verticalNoiseSize": 2,
    "defaultEffects": "overworld",
    "useCustomEffects": true,
    "hasClouds": true,
    "cloudHeight": 192.0,
    "skyType": "NONE",
    "sunHeightAffectsFog": false,
    "canRespawnHere": false,
    "hasFog": false,
    "ambientLight": 0.0,
    "doesWaterVaporize": false,
    "hasFixedTime": true,
    "fixedTimeValue": 0,
    "coordinateScale": 1.0,
    "infiniburnTag": "minecraft:infiniburn_overworld",
    "bedWorks": false,
    "hasSkyLight": false,
    "imitateOverworldBehaviour": true,
    "piglinSafe": false,
    "hasRaids": true,
    "minMonsterSpawnLightLimit": 0,
    "maxMonsterSpawnLightLimit": 7,
    "monsterSpawnBlockLightLimit": 0,
    "portalFrame": {
      "value": ""
    },
    "portalParticles": {
      "value": "PORTAL"
    },
    "portalLuminance": 0,
    "portalSound": {
      "value": "block.portal.ambient"
    },
    "enableIgniter": true,
    "igniterName": "Limbo Dimension Portal Igniter",
    "igniterRarity": "COMMON",
    "specialInformation": {
      "fixedValue": []
    },
    "creativeTabs": [
      {
        "value": "TOOLS"
      }
    ],
    "texture": "",
    "portalTexture": "",
    "enablePortal": false
  }
}