{
  "_fv": 77,
  "_type": "recipe",
  "definition": {
    "recipeType": "Crafting",
    "recipeRetstackSize": 1,
    "group": "",
    "cookingBookCategory": "MISC",
    "xpReward": 0.0,
    "cookingTime": 200,
    "craftingBookCategory": "MISC",
    "recipeShapeless": false,
    "recipeSlots": [
      {
        "value": "Blocks.LAPIS_BLOCK"
      },
      {
        "value": "CUSTOM:Nehteressence"
      },
      {
        "value": "Blocks.LAPIS_BLOCK"
      },
      {
        "value": "Blocks.NETHERRACK"
      },
      {
        "value": "CUSTOM:Emptykey"
      },
      {
        "value": "Blocks.NETHERRACK"
      },
      {
        "value": "Blocks.EMERALD_BLOCK"
      },
      {
        "value": "Blocks.AMETHYST_CLUSTER"
      },
      {
        "value": "Blocks.EMERALD_BLOCK"
      }
    ],
    "recipeReturnStack": {
      "value": "CUSTOM:Netherkey"
    },
    "name": "nether_key_recipes",
    "namespace": "mod"
  }
}