{
  "_fv": 77,
  "_type": "enchantment",
  "definition": {
    "name": "Spore essence",
    "supportedSlots": "mainhand",
    "weight": 1,
    "anvilCost": 25,
    "maxLevel": 1,
    "damageModifier": 0,
    "incompatibleEnchantments": [
      {
        "value": "#mod:custom_enchantemnt"
      }
    ],
    "supportedItems": [
      {
        "value": "TAG:minecraft:enchantable/sword"
      }
    ],
    "isTreasureEnchantment": false,
    "isCurse": false,
    "canGenerateInLootTables": false,
    "canVillagerTrade": false
  }
}