{
  "_fv": 77,
  "_type": "recipe",
  "definition": {
    "recipeType": "Crafting",
    "recipeRetstackSize": 1,
    "group": "",
    "cookingBookCategory": "MISC",
    "xpReward": 0.0,
    "cookingTime": 200,
    "craftingBookCategory": "MISC",
    "recipeShapeless": false,
    "recipeSlots": [
      {
        "value": "Items.DIAMOND"
      },
      {
        "value": "Blocks.VINE"
      },
      {
        "value": "Items.DIAMOND"
      },
      {
        "value": "Items.REDSTONE"
      },
      {
        "value": "Items.NETHERITE_UPGRADE"
      },
      {
        "value": "Items.REDSTONE"
      },
      {
        "value": "Items.DYE#10"
      },
      {
        "value": "Blocks.LEAVES"
      },
      {
        "value": "Items.DYE#2"
      }
    ],
    "recipeReturnStack": {
      "value": "CUSTOM:TacticalTemplate"
    },
    "name": "tactical_template_recipe",
    "namespace": "mod"
  }
}