{
  "_fv": 77,
  "_type": "achievement",
  "definition": {
    "achievementName": "The limbo",
    "achievementDescription": "The Master of Key is waiting you.......",
    "achievementIcon": {
      "value": "Blocks.QUARTZ_BLOCK#2"
    },
    "background": "Default",
    "disableDisplay": false,
    "showPopup": true,
    "announceToChat": true,
    "hideIfNotCompleted": false,
    "rewardLoot": [],
    "rewardRecipes": [],
    "rewardXP": 0,
    "achievementType": "goal",
    "parent": {
      "value": "CUSTOM:TheKey"
    },
    "triggerxml": "<xml xmlns=\"https://developers.google.com/blockly/xml\"><block type=\"advancement_trigger\" deletable=\"false\" x=\"40\" y=\"80\"><next><block type=\"dimension_entered\"><field name=\"dimension\">CUSTOM:LimboDimension</field></block></next></block></xml>"
  }
}