{
  "credit": "Made with Blockbench",
  "elements": [
    {
      "from": [
        2,
        0,
        2
      ],
      "to": [
        14,
        4,
        14
      ],
      "color": 0,
      "faces": {
        "north": {
          "uv": [
            0,
            0,
            12,
            4
          ],
          "texture": "#missing"
        },
        "east": {
          "uv": [
            0,
            0,
            12,
            4
          ],
          "texture": "#missing"
        },
        "south": {
          "uv": [
            0,
            0,
            12,
            4
          ],
          "texture": "#missing"
        },
        "west": {
          "uv": [
            0,
            0,
            12,
            4
          ],
          "texture": "#missing"
        },
        "up": {
          "uv": [
            0,
            0,
            12,
            12
          ],
          "texture": "#missing"
        },
        "down": {
          "uv": [
            0,
            0,
            12,
            12
          ],
          "texture": "#missing"
        }
      }
    },
    {
      "from": [
        4,
        4,
        3
      ],
      "to": [
        12,
        5,
        13
      ],
      "rotation": {
        "angle": 0,
        "axis": "y",
        "origin": [
          5,
          4,
          7
        ]
      },
      "color": 0,
      "faces": {
        "north": {
          "uv": [
            0,
            0,
            8,
            1
          ],
          "texture": "#missing"
        },
        "east": {
          "uv": [
            0,
            0,
            10,
            1
          ],
          "texture": "#missing"
        },
        "south": {
          "uv": [
            0,
            0,
            8,
            1
          ],
          "texture": "#missing"
        },
        "west": {
          "uv": [
            0,
            0,
            10,
            1
          ],
          "texture": "#missing"
        },
        "up": {
          "uv": [
            0,
            0,
            8,
            10
          ],
          "texture": "#missing"
        },
        "down": {
          "uv": [
            0,
            0,
            8,
            10
          ],
          "texture": "#missing"
        }
      }
    },
    {
      "from": [
        6,
        5,
        4
      ],
      "to": [
        10,
        10,
        12
      ],
      "rotation": {
        "angle": 0,
        "axis": "y",
        "origin": [
          4,
          5,
          8
        ]
      },
      "color": 6,
      "faces": {
        "north": {
          "uv": [
            0,
            0,
            4,
            5
          ],
          "texture": "#missing"
        },
        "east": {
          "uv": [
            0,
            0,
            8,
            5
          ],
          "texture": "#missing"
        },
        "south": {
          "uv": [
            0,
            0,
            4,
            5
          ],
          "texture": "#missing"
        },
        "west": {
          "uv": [
            0,
            0,
            8,
            5
          ],
          "texture": "#missing"
        },
        "up": {
          "uv": [
            0,
            0,
            4,
            8
          ],
          "texture": "#missing"
        },
        "down": {
          "uv": [
            0,
            0,
            4,
            8
          ],
          "texture": "#missing"
        }
      }
    },
    {
      "from": [
        3,
        10,
        0
      ],
      "to": [
        15,
        16,
        16
      ],
      "rotation": {
        "angle": 0,
        "axis": "y",
        "origin": [
          7,
          10,
          7
        ]
      },
      "color": 9,
      "faces": {
        "north": {
          "uv": [
            0,
            0,
            12,
            6
          ],
          "texture": "#missing"
        },
        "east": {
          "uv": [
            0,
            0,
            16,
            6
          ],
          "texture": "#missing"
        },
        "south": {
          "uv": [
            0,
            0,
            12,
            6
          ],
          "texture": "#missing"
        },
        "west": {
          "uv": [
            0,
            0,
            16,
            6
          ],
          "texture": "#missing"
        },
        "up": {
          "uv": [
            0,
            0,
            12,
            16
          ],
          "texture": "#missing"
        },
        "down": {
          "uv": [
            0,
            0,
            12,
            16
          ],
          "texture": "#missing"
        }
      }
    }
  ]
}