{
  "credit": "Made with Blockbench",
  "elements": [
    {
      "from": [
        0,
        0,
        0
      ],
      "to": [
        16,
        12,
        16
      ],
      "faces": {
        "north": {
          "uv": [
            0,
            0,
            16,
            16
          ],
          "texture": "#3"
        },
        "east": {
          "uv": [
            0,
            0,
            16,
            16
          ],
          "texture": "#3"
        },
        "south": {
          "uv": [
            0,
            0,
            16,
            16
          ],
          "texture": "#3"
        },
        "west": {
          "uv": [
            0,
            0,
            16,
            16
          ],
          "texture": "#3"
        },
        "up": {
          "uv": [
            0,
            0,
            16,
            16
          ],
          "texture": "#2"
        },
        "down": {
          "uv": [
            0,
            0,
            16,
            16
          ],
          "texture": "#1"
        }
      }
    },
    {
      "from": [
        6,
        12,
        10
      ],
      "to": [
        10,
        13,
        11
      ],
      "rotation": {
        "angle": 0,
        "axis": "y",
        "origin": [
          7,
          12,
          9
        ]
      },
      "faces": {
        "north": {
          "uv": [
            0,
            0,
            4,
            1
          ],
          "texture": "#7"
        },
        "east": {
          "uv": [
            0,
            4,
            1,
            5
          ],
          "texture": "#7"
        },
        "south": {
          "uv": [
            0,
            1,
            4,
            2
          ],
          "texture": "#7"
        },
        "west": {
          "uv": [
            0,
            4,
            1,
            5
          ],
          "texture": "#7"
        },
        "up": {
          "uv": [
            4,
            3,
            0,
            2
          ],
          "texture": "#7"
        },
        "down": {
          "uv": [
            4,
            3,
            0,
            4
          ],
          "texture": "#7"
        }
      }
    },
    {
      "from": [
        5,
        12,
        6
      ],
      "to": [
        11,
        13,
        10
      ],
      "rotation": {
        "angle": 0,
        "axis": "y",
        "origin": [
          7,
          12,
          7
        ]
      },
      "faces": {
        "north": {
          "uv": [
            6,
            0,
            12,
            1
          ],
          "texture": "#5"
        },
        "east": {
          "uv": [
            6,
            2,
            10,
            3
          ],
          "texture": "#5"
        },
        "south": {
          "uv": [
            6,
            1,
            12,
            2
          ],
          "texture": "#5"
        },
        "west": {
          "uv": [
            6,
            2,
            10,
            3
          ],
          "texture": "#5"
        },
        "up": {
          "uv": [
            6,
            4,
            0,
            0
          ],
          "texture": "#6"
        },
        "down": {
          "uv": [
            6,
            4,
            0,
            8
          ],
          "texture": "#5"
        }
      }
    },
    {
      "from": [
        6,
        12,
        5
      ],
      "to": [
        10,
        13,
        6
      ],
      "rotation": {
        "angle": 0,
        "axis": "y",
        "origin": [
          7,
          12,
          4
        ]
      },
      "faces": {
        "north": {
          "uv": [
            0,
            0,
            4,
            1
          ],
          "texture": "#8"
        },
        "east": {
          "uv": [
            0,
            4,
            1,
            5
          ],
          "texture": "#8"
        },
        "south": {
          "uv": [
            0,
            1,
            4,
            2
          ],
          "texture": "#8"
        },
        "west": {
          "uv": [
            4,
            0,
            5,
            1
          ],
          "texture": "#8"
        },
        "up": {
          "uv": [
            4,
            3,
            0,
            2
          ],
          "texture": "#8"
        },
        "down": {
          "uv": [
            4,
            3,
            0,
            4
          ],
          "texture": "#8"
        }
      }
    }
  ],
  "display": {},
  "groups": [
    0,
    {
      "name": "group",
      "origin": [
        7,
        12,
        4
      ],
      "color": 0,
      "children": [
        1,
        2,
        3
      ]
    }
  ]
}